{
    "variants": {
        "default": "model:0"
    },
    "modelConfigs": [
        {
            "baseScale": 0.175,
            "rotationY": 90,
            "rotationX": -90,
            "rotationZ": 0,
            "offsetX": -15,
            "offsetY": 0,
            "modelMainPartFieldAliases": [
                "com.dhanantry.scapeandrunparasites.client.model.entity.ancient.ModelOroncoTen;bodytenbaseUR"
            ],
            "renderingFullModel": false,
            "modelPartsRotationReset": true,
            "layersAllowed": true
        }
    ]
}