{
    "variants": {
        "default": "model:0"
    },
    "modelConfigs": [
        {
            "baseScale": 0.10,
            "rotationY": 0,
            "rotationX": 0,
            "rotationZ": 0,
            "offsetX": 0,
            "offsetY": 5,
            "modelMainPartFieldAliases": [
                "com.dhanantry.scapeandrunparasites.client.model.entity.deterrent.nexus.ModelDodSIV;mainbody"
            ],
            "renderingFullModel": false,
            "modelPartsRotationReset": true,
            "layersAllowed": true
        }
    ]
}