{
    "variants": {
        "default": "model:0"
    },
    "modelConfigs": [
        {
            "baseScale": 0.6,
            "rotationY": -90,
            "rotationX": 0,
            "rotationZ": 0,
            "offsetX": 0,
            "offsetY": 0,
            "modelMainPartFieldAliases": [
                "com.dhanantry.scapeandrunparasites.client.model.entity.infected.ModelInfHorse;JD"
            ],
            "renderingFullModel": false,
            "modelPartsRotationReset": true,
            "layersAllowed": true
        }
    ]
}