{
    "variants": {
        "default": "model:0"
    },
    "modelConfigs": [
        {
            "baseScale": 0.075,
            "rotationY": 180,
            "rotationX": 180,
            "rotationZ": 0,
            "offsetX": 0,
            "offsetY": 0,
            "modelMainPartFieldAliases": [
                "com.dhanantry.scapeandrunparasites.client.model.entity.pure.preeminent.ModelElvia;mainbody"
            ],
            "renderingFullModel": false,
            "modelPartsRotationReset": true,
            "layersAllowed": true
        }
    ]
}